Date,Facebook Ad Campaign,Facebook Ad Views,Facebook Ad Clicks,Facebook Ad Conversions,Cost per Facebook Ad,Facebook Click-Through Rate (Clicks / View),Facebook Conversion Rate (Conversions / Clicks),Facebook Cost per Click (Ad Cost / Clicks),AdWords Ad Campaign,AdWords Ad Views,AdWords Ad Clicks,AdWords Ad Conversions,Cost per AdWords Ad,AdWords Click-Through Rate (Clicks / View),AdWords Conversion Rate (Conversions / Click),AdWords Cost per Click (Ad Cost / Clicks)
1/1/2023,FB_Jan,2116,18,8,$126,0.83%,42.73%,$7.14,AW_Jan,4984,59,5,$234,1.18%,8.40%,$3.30
1/2/2023,FB_Jan,3106,36,12,$104,1.15%,34.04%,$2.91,AW_Jan,4022,71,6,$75,1.77%,7.80%,$1.05
1/3/2023,FB_Jan,3105,26,8,$102,0.84%,31.45%,$3.89,AW_Jan,3863,44,4,$141,1.13%,9.59%,$3.23
1/4/2023,FB_Jan,1107,27,9,$71,2.45%,34.76%,$2.62,AW_Jan,3911,49,5,$141,1.26%,11.08%,$2.86
1/5/2023,FB_Jan,1317,15,7,$78,1.10%,47.59%,$5.38,AW_Jan,4070,55,7,$133,1.36%,12.22%,$2.40
1/6/2023,FB_Jan,1958,37,10,$113,1.86%,28.22%,$3.08,AW_Jan,4052,51,4,$135,1.25%,6.97%,$2.65
1/7/2023,FB_Jan,2941,49,15,$37,1.66%,30.22%,$0.76,AW_Jan,3845,66,7,$90,1.72%,11.07%,$1.37
1/8/2023,FB_Jan,2805,49,12,$105,1.74%,24.09%,$2.14,AW_Jan,5147,69,4,$153,1.34%,6.45%,$2.22
1/9/2023,FB_Jan,2520,36,12,$96,1.44%,33.74%,$2.63,AW_Jan,3861,82,9,$140,2.12%,11.12%,$1.71
1/10/2023,FB_Jan,1896,41,13,$62,2.15%,32.29%,$1.53,AW_Jan,4938,48,5,$147,0.98%,11.19%,$3.03
1/11/2023,FB_Jan,1828,51,14,$41,2.78%,27.86%,$0.80,AW_Jan,4351,58,7,$84,1.33%,11.91%,$1.46
1/12/2023,FB_Jan,1553,56,14,$123,3.61%,25.36%,$2.19,AW_Jan,5442,68,8,$177,1.25%,12.37%,$2.61
1/13/2023,FB_Jan,1699,48,12,$88,2.84%,24.15%,$1.83,AW_Jan,4283,83,7,$158,1.93%,8.63%,$1.91
1/14/2023,FB_Jan,1803,42,11,$67,2.35%,27.08%,$1.58,AW_Jan,4060,78,9,$91,1.92%,11.41%,$1.16
1/15/2023,FB_Jan,1493,56,12,$59,3.74%,21.79%,$1.05,AW_Jan,3957,36,3,$165,0.91%,7.76%,$4.55
1/16/2023,FB_Jan,2493,31,7,$92,1.23%,23.26%,$3.01,AW_Jan,3925,48,6,$96,1.21%,13.41%,$2.02
1/17/2023,FB_Jan,2903,28,10,$102,0.97%,34.13%,$3.61,AW_Jan,5147,52,5,$130,1.02%,8.82%,$2.49
1/18/2023,FB_Jan,1916,40,13,$95,2.08%,32.53%,$2.38,AW_Jan,5412,49,6,$167,0.90%,13.20%,$3.43
1/19/2023,FB_Jan,2805,30,8,$67,1.06%,26.73%,$2.27,AW_Jan,4370,68,4,$165,1.55%,6.47%,$2.42
1/20/2023,FB_Jan,2478,50,13,$66,2.02%,26.00%,$1.31,AW_Jan,4580,81,7,$119,1.77%,8.71%,$1.47
1/21/2023,FB_Jan,2365,33,8,$97,1.39%,23.05%,$2.97,AW_Jan,5259,49,3,$188,0.94%,7.02%,$3.81
1/22/2023,FB_Jan,3106,46,12,$102,1.49%,26.47%,$2.20,AW_Jan,4873,43,4,$148,0.88%,9.65%,$3.43
1/23/2023,FB_Jan,1796,28,10,$85,1.55%,34.39%,$3.04,AW_Jan,5432,63,7,$112,1.15%,11.38%,$1.79
1/24/2023,FB_Jan,1932,43,12,$106,2.25%,26.91%,$2.45,AW_Jan,3839,80,6,$151,2.08%,7.51%,$1.89
1/25/2023,FB_Jan,1625,52,13,$50,3.21%,25.75%,$0.96,AW_Jan,3714,50,7,$141,1.34%,15.05%,$2.82
1/26/2023,FB_Jan,1845,24,6,$89,1.29%,24.20%,$3.73,AW_Jan,5540,53,4,$177,0.96%,6.88%,$3.32
1/27/2023,FB_Jan,2106,45,11,$111,2.16%,24.41%,$2.44,AW_Jan,5506,77,6,$126,1.40%,7.59%,$1.64
1/28/2023,FB_Jan,2690,55,13,$51,2.06%,23.61%,$0.93,AW_Jan,4152,44,7,$171,1.06%,16.40%,$3.90
1/29/2023,FB_Jan,1265,43,11,$43,3.43%,24.61%,$0.98,AW_Jan,4769,78,8,$82,1.63%,10.14%,$1.05
1/30/2023,FB_Jan,2781,28,11,$84,0.99%,38.18%,$3.06,AW_Jan,5690,42,5,$95,0.74%,12.11%,$2.25
1/31/2023,FB_Jan,2313,31,7,$82,1.33%,23.25%,$2.65,AW_Jan,4499,50,4,$192,1.12%,6.98%,$3.80
2/1/2023,FB_Feb,2318,25,9,$86,1.06%,36.26%,$3.49,AW_Feb,4051,72,6,$113,1.78%,7.78%,$1.56
2/2/2023,FB_Feb,3004,26,7,$94,0.88%,27.60%,$3.58,AW_Feb,4788,76,6,$93,1.59%,7.62%,$1.21
2/3/2023,FB_Feb,2345,25,10,$143,1.08%,39.69%,$5.63,AW_Feb,4417,41,5,$112,0.93%,12.29%,$2.71
2/4/2023,FB_Feb,1874,56,13,$48,2.99%,23.57%,$0.86,AW_Feb,4182,49,5,$147,1.17%,11.15%,$3.02
2/5/2023,FB_Feb,1359,41,11,$107,3.05%,27.25%,$2.59,AW_Feb,4168,78,9,$98,1.87%,11.41%,$1.26
2/6/2023,FB_Feb,2109,34,9,$110,1.59%,25.95%,$3.26,AW_Feb,4426,69,7,$133,1.57%,10.77%,$1.92
2/7/2023,FB_Feb,2799,31,10,$61,1.12%,32.74%,$1.94,AW_Feb,4787,58,7,$171,1.22%,11.87%,$2.93
2/8/2023,FB_Feb,1265,41,13,$86,3.25%,32.17%,$2.09,AW_Feb,5475,48,4,$120,0.87%,9.18%,$2.51
2/9/2023,FB_Feb,2566,41,13,$64,1.58%,32.35%,$1.58,AW_Feb,4202,44,4,$100,1.05%,9.54%,$2.26
2/10/2023,FB_Feb,2279,35,12,$92,1.55%,34.12%,$2.59,AW_Feb,4614,43,5,$136,0.94%,11.95%,$3.14
2/11/2023,FB_Feb,1781,29,9,$129,1.61%,30.45%,$4.49,AW_Feb,4758,71,8,$132,1.48%,10.67%,$1.87
2/12/2023,FB_Feb,2984,54,16,$121,1.82%,29.19%,$2.22,AW_Feb,5119,74,5,$130,1.45%,6.35%,$1.75
2/13/2023,FB_Feb,2692,40,10,$34,1.48%,25.01%,$0.86,AW_Feb,4554,74,5,$113,1.62%,6.35%,$1.52
2/14/2023,FB_Feb,2517,31,8,$53,1.21%,26.56%,$1.72,AW_Feb,5202,80,8,$102,1.54%,10.01%,$1.27
2/15/2023,FB_Feb,2116,42,10,$84,1.99%,24.75%,$1.99,AW_Feb,4157,40,3,$104,0.97%,7.49%,$2.57
2/16/2023,FB_Feb,3080,26,7,$53,0.83%,27.81%,$2.09,AW_Feb,4336,63,8,$154,1.45%,12.97%,$2.46
2/17/2023,FB_Feb,2839,31,10,$113,1.10%,32.86%,$3.62,AW_Feb,3863,36,7,$172,0.94%,18.81%,$4.75
2/18/2023,FB_Feb,3299,31,9,$115,0.92%,29.84%,$3.78,AW_Feb,4947,74,7,$173,1.50%,9.05%,$2.34
2/19/2023,FB_Feb,1531,48,11,$67,3.11%,22.10%,$1.41,AW_Feb,5499,62,4,$155,1.12%,6.62%,$2.52
2/20/2023,FB_Feb,2324,34,11,$46,1.47%,31.70%,$1.34,AW_Feb,5347,67,7,$97,1.24%,11.01%,$1.46
2/21/2023,FB_Feb,1063,32,8,$104,3.01%,26.25%,$3.24,AW_Feb,4711,64,7,$197,1.35%,11.29%,$3.10
2/22/2023,FB_Feb,3238,48,11,$119,1.48%,22.09%,$2.49,AW_Feb,4702,61,8,$136,1.29%,13.24%,$2.24
2/23/2023,FB_Feb,1662,28,7,$118,1.68%,23.57%,$4.22,AW_Feb,5254,74,5,$97,1.42%,6.34%,$1.31
2/24/2023,FB_Feb,1110,51,14,$67,4.55%,27.92%,$1.33,AW_Feb,4892,71,9,$144,1.46%,12.01%,$2.01
2/25/2023,FB_Feb,3122,44,11,$70,1.42%,24.51%,$1.59,AW_Feb,4226,52,4,$152,1.22%,6.94%,$2.94
2/26/2023,FB_Feb,1647,35,12,$132,2.13%,34.29%,$3.76,AW_Feb,5466,66,7,$131,1.20%,11.11%,$2.00
2/27/2023,FB_Feb,1658,55,15,$112,3.33%,27.23%,$2.02,AW_Feb,5083,47,7,$103,0.93%,15.56%,$2.17
2/28/2023,FB_Feb,3145,54,12,$69,1.73%,21.84%,$1.27,AW_Feb,3952,32,3,$152,0.81%,8.11%,$4.73
3/1/2023,FB_Mar,3149,46,12,$93,1.47%,26.47%,$2.01,AW_Mar,4888,68,4,$151,1.40%,6.46%,$2.21
3/2/2023,FB_Mar,1608,57,15,$92,3.55%,27.01%,$1.61,AW_Mar,3780,51,6,$149,1.36%,10.85%,$2.91
3/3/2023,FB_Mar,1742,28,8,$118,1.62%,27.07%,$4.17,AW_Mar,3890,42,6,$141,1.08%,14.52%,$3.36
3/4/2023,FB_Mar,2504,40,11,$59,1.58%,27.59%,$1.51,AW_Mar,4399,50,4,$169,1.14%,6.99%,$3.35
3/5/2023,FB_Mar,2943,43,13,$40,1.45%,29.39%,$0.93,AW_Mar,4296,56,8,$131,1.31%,13.91%,$2.34
3/6/2023,FB_Mar,2962,51,14,$92,1.73%,27.83%,$1.80,AW_Mar,5520,71,6,$110,1.29%,7.81%,$1.55
3/7/2023,FB_Mar,1560,44,13,$99,2.81%,29.11%,$2.26,AW_Mar,4462,33,5,$126,0.74%,14.05%,$3.79
3/8/2023,FB_Mar,1232,24,10,$142,1.97%,40.58%,$5.84,AW_Mar,4507,70,9,$99,1.56%,12.12%,$1.40
3/9/2023,FB_Mar,1406,29,9,$107,2.04%,30.45%,$3.71,AW_Mar,3894,33,7,$185,0.85%,20.06%,$5.56
3/10/2023,FB_Mar,1819,22,5,$96,1.22%,24.50%,$4.32,AW_Mar,4507,62,5,$109,1.37%,8.23%,$1.76
3/11/2023,FB_Mar,1097,59,15,$43,5.37%,25.09%,$0.73,AW_Mar,5154,87,5,$179,1.69%,6.15%,$2.06
3/12/2023,FB_Mar,1314,43,10,$105,3.29%,22.31%,$2.44,AW_Mar,4024,65,7,$99,1.60%,11.20%,$1.54
3/13/2023,FB_Mar,1320,61,17,$118,4.63%,28.18%,$1.93,AW_Mar,4401,60,4,$133,1.36%,6.68%,$2.23
3/14/2023,FB_Mar,1783,54,15,$69,3.03%,27.39%,$1.28,AW_Mar,5493,44,5,$140,0.80%,11.85%,$3.19
3/15/2023,FB_Mar,1200,39,9,$116,3.23%,22.58%,$3.00,AW_Mar,5031,66,8,$106,1.31%,12.60%,$1.61
3/16/2023,FB_Mar,2030,33,8,$131,1.63%,23.02%,$3.96,AW_Mar,5515,58,4,$80,1.05%,6.73%,$1.39
3/17/2023,FB_Mar,1890,32,9,$95,1.71%,29.29%,$2.93,AW_Mar,5498,54,4,$135,0.99%,6.84%,$2.49
3/18/2023,FB_Mar,2772,59,17,$76,2.13%,28.46%,$1.29,AW_Mar,4667,70,7,$96,1.49%,10.75%,$1.38
3/19/2023,FB_Mar,1721,28,10,$115,1.60%,34.49%,$4.17,AW_Mar,4237,45,4,$162,1.06%,9.46%,$3.61
3/20/2023,FB_Mar,2049,37,12,$54,1.80%,33.55%,$1.47,AW_Mar,5089,34,4,$97,0.67%,10.85%,$2.85
3/21/2023,FB_Mar,3051,48,11,$100,1.57%,22.08%,$2.08,AW_Mar,4239,41,6,$112,0.97%,14.76%,$2.74
3/22/2023,FB_Mar,1086,35,11,$73,3.25%,31.33%,$2.06,AW_Mar,5077,66,4,$166,1.29%,6.52%,$2.52
3/23/2023,FB_Mar,2217,36,11,$101,1.62%,31.11%,$2.81,AW_Mar,5169,55,8,$149,1.07%,14.03%,$2.68
3/24/2023,FB_Mar,2320,54,12,$103,2.31%,21.87%,$1.91,AW_Mar,5249,78,9,$99,1.48%,11.42%,$1.27
3/25/2023,FB_Mar,2279,41,10,$75,1.80%,24.88%,$1.83,AW_Mar,5598,41,3,$159,0.73%,7.45%,$3.89
3/26/2023,FB_Mar,3169,40,13,$107,1.25%,32.66%,$2.70,AW_Mar,3894,68,5,$182,1.74%,7.95%,$2.68
3/27/2023,FB_Mar,1292,36,9,$140,2.82%,25.49%,$3.84,AW_Mar,4192,74,7,$109,1.78%,9.03%,$1.47
3/28/2023,FB_Mar,2390,39,10,$110,1.62%,25.15%,$2.83,AW_Mar,3959,62,5,$83,1.56%,8.23%,$1.34
3/29/2023,FB_Mar,1845,25,6,$71,1.34%,24.03%,$2.88,AW_Mar,5200,40,5,$159,0.77%,12.53%,$3.98
3/30/2023,FB_Mar,2202,41,11,$115,1.88%,27.25%,$2.79,AW_Mar,3826,67,5,$100,1.74%,8.01%,$1.51
3/31/2023,FB_Mar,2895,42,11,$48,1.44%,27.19%,$1.16,AW_Mar,5082,79,9,$148,1.55%,11.35%,$1.88
4/1/2023,FB_Apr,2628,30,7,$99,1.13%,23.38%,$3.35,AW_Apr,4372,59,5,$140,1.35%,8.38%,$2.36
4/2/2023,FB_Apr,1910,39,10,$59,2.05%,25.10%,$1.51,AW_Apr,4846,73,9,$113,1.50%,11.89%,$1.56
4/3/2023,FB_Apr,2700,34,12,$43,1.26%,34.66%,$1.26,AW_Apr,3867,56,7,$171,1.46%,12.10%,$3.03
4/4/2023,FB_Apr,1558,52,14,$65,3.34%,27.69%,$1.25,AW_Apr,4501,82,5,$117,1.82%,6.22%,$1.43
4/5/2023,FB_Apr,1149,53,13,$126,4.61%,23.77%,$2.38,AW_Apr,4690,62,5,$157,1.32%,8.24%,$2.54
4/6/2023,FB_Apr,2703,35,9,$102,1.28%,25.76%,$2.94,AW_Apr,4692,76,6,$182,1.62%,7.64%,$2.40
4/7/2023,FB_Apr,2970,44,10,$108,1.49%,22.25%,$2.43,AW_Apr,3867,35,5,$114,0.91%,13.52%,$3.23
4/8/2023,FB_Apr,1768,26,6,$58,1.48%,23.83%,$2.23,AW_Apr,4604,61,4,$122,1.32%,6.64%,$2.00
4/9/2023,FB_Apr,2888,40,9,$60,1.39%,22.49%,$1.50,AW_Apr,3945,65,7,$185,1.65%,11.15%,$2.85
4/10/2023,FB_Apr,1312,57,16,$92,4.32%,28.83%,$1.62,AW_Apr,3900,83,9,$90,2.13%,11.03%,$1.08
4/11/2023,FB_Apr,1128,36,10,$70,3.16%,28.43%,$1.96,AW_Apr,4618,35,5,$110,0.76%,13.52%,$3.14
4/12/2023,FB_Apr,1924,22,6,$74,1.16%,28.97%,$3.30,AW_Apr,4828,44,3,$173,0.91%,7.27%,$3.92
4/13/2023,FB_Apr,1786,43,13,$69,2.39%,29.37%,$1.61,AW_Apr,5266,57,5,$109,1.09%,8.49%,$1.90
4/14/2023,FB_Apr,2135,57,12,$114,2.68%,21.75%,$2.00,AW_Apr,5708,76,7,$160,1.34%,8.93%,$2.10
4/15/2023,FB_Apr,1642,39,13,$80,2.38%,32.79%,$2.05,AW_Apr,3986,48,7,$152,1.20%,15.44%,$3.18
4/16/2023,FB_Apr,2252,36,10,$114,1.59%,28.36%,$3.18,AW_Apr,5091,62,8,$150,1.22%,13.08%,$2.42
4/17/2023,FB_Apr,1132,58,16,$78,5.10%,26.93%,$1.35,AW_Apr,4629,45,7,$135,0.97%,16.12%,$3.01
4/18/2023,FB_Apr,1163,36,10,$66,3.10%,28.31%,$1.84,AW_Apr,3812,34,4,$92,0.90%,10.84%,$2.69
4/19/2023,FB_Apr,3209,33,12,$108,1.03%,35.15%,$3.26,AW_Apr,4171,51,8,$171,1.23%,14.76%,$3.34
4/20/2023,FB_Apr,3269,43,12,$89,1.31%,26.99%,$2.07,AW_Apr,5488,85,8,$154,1.55%,9.72%,$1.81
4/21/2023,FB_Apr,3217,62,16,$120,1.94%,26.42%,$1.92,AW_Apr,4850,59,4,$154,1.22%,6.69%,$2.61
4/22/2023,FB_Apr,2186,45,10,$126,2.06%,22.22%,$2.80,AW_Apr,5494,67,8,$173,1.22%,12.47%,$2.58
4/23/2023,FB_Apr,2414,51,14,$111,2.10%,27.91%,$2.20,AW_Apr,4570,77,9,$132,1.68%,11.51%,$1.72
4/24/2023,FB_Apr,1744,19,8,$90,1.09%,41.05%,$4.75,AW_Apr,5096,60,7,$157,1.18%,11.68%,$2.62
4/25/2023,FB_Apr,2910,39,11,$48,1.33%,27.75%,$1.24,AW_Apr,4057,53,6,$108,1.31%,10.64%,$2.03
4/26/2023,FB_Apr,2788,59,15,$111,2.11%,25.09%,$1.88,AW_Apr,3896,84,5,$170,2.15%,6.19%,$2.03
4/27/2023,FB_Apr,1525,53,16,$58,3.48%,29.43%,$1.09,AW_Apr,4572,37,3,$167,0.81%,7.69%,$4.50
4/28/2023,FB_Apr,3249,36,11,$55,1.09%,31.27%,$1.56,AW_Apr,5734,67,8,$155,1.17%,12.48%,$2.32
4/29/2023,FB_Apr,1624,31,7,$114,1.91%,23.23%,$3.67,AW_Apr,4642,57,7,$154,1.24%,11.97%,$2.68
4/30/2023,FB_Apr,1541,21,6,$107,1.36%,29.52%,$5.10,AW_Apr,5508,83,8,$187,1.51%,9.82%,$2.26
5/1/2023,FB_May,1168,52,11,$42,4.43%,21.93%,$0.81,AW_May,4405,70,5,$171,1.59%,6.42%,$2.44
5/2/2023,FB_May,2301,54,15,$64,2.36%,27.35%,$1.18,AW_May,4750,67,5,$111,1.42%,7.97%,$1.65
5/3/2023,FB_May,1332,35,8,$121,2.61%,22.88%,$3.48,AW_May,4360,37,5,$123,0.85%,13.06%,$3.29
5/4/2023,FB_May,2771,48,12,$103,1.74%,24.14%,$2.13,AW_May,4349,58,4,$150,1.33%,6.73%,$2.59
5/5/2023,FB_May,2564,53,16,$62,2.07%,29.42%,$1.18,AW_May,4434,68,4,$153,1.54%,6.46%,$2.23
5/6/2023,FB_May,1736,25,7,$69,1.46%,27.87%,$2.73,AW_May,4465,72,9,$126,1.62%,11.93%,$1.74
5/7/2023,FB_May,2923,25,7,$99,0.86%,27.97%,$3.93,AW_May,4158,60,5,$153,1.44%,8.33%,$2.56
5/8/2023,FB_May,1587,58,17,$82,3.62%,28.70%,$1.43,AW_May,5325,41,5,$115,0.77%,12.35%,$2.81
5/9/2023,FB_May,1960,41,9,$130,2.09%,22.44%,$3.18,AW_May,5078,40,5,$94,0.79%,12.47%,$2.33
5/10/2023,FB_May,3320,47,13,$112,1.42%,28.46%,$2.37,AW_May,5086,49,7,$120,0.97%,15.13%,$2.43
5/11/2023,FB_May,1909,34,10,$53,1.76%,28.93%,$1.58,AW_May,4724,52,5,$134,1.09%,8.88%,$2.60
5/12/2023,FB_May,1702,42,13,$60,2.49%,31.79%,$1.42,AW_May,4146,78,7,$154,1.88%,8.84%,$1.98
5/13/2023,FB_May,2281,33,9,$56,1.46%,25.99%,$1.66,AW_May,5327,83,8,$139,1.55%,9.83%,$1.68
5/14/2023,FB_May,1467,54,12,$79,3.67%,21.86%,$1.46,AW_May,4117,38,6,$182,0.93%,15.48%,$4.77
5/15/2023,FB_May,3043,44,12,$96,1.46%,26.77%,$2.16,AW_May,5687,41,7,$75,0.72%,17.21%,$1.83
5/16/2023,FB_May,2530,50,15,$76,1.97%,30.04%,$1.52,AW_May,4657,72,5,$127,1.54%,6.40%,$1.77
5/17/2023,FB_May,2483,59,17,$46,2.39%,28.43%,$0.77,AW_May,4438,54,6,$134,1.23%,10.51%,$2.47
5/18/2023,FB_May,2648,23,9,$129,0.88%,37.17%,$5.53,AW_May,5640,36,4,$171,0.64%,10.52%,$4.71
5/19/2023,FB_May,2948,59,13,$49,2.00%,21.69%,$0.83,AW_May,5458,54,5,$148,0.99%,8.70%,$2.74
5/20/2023,FB_May,1368,36,10,$114,2.66%,28.24%,$3.14,AW_May,3814,55,5,$83,1.44%,8.63%,$1.51
5/21/2023,FB_May,2684,42,10,$86,1.55%,24.82%,$2.07,AW_May,5526,45,6,$104,0.81%,13.90%,$2.30
5/22/2023,FB_May,2615,29,7,$55,1.12%,23.41%,$1.86,AW_May,5531,83,8,$118,1.50%,9.82%,$1.42
5/23/2023,FB_May,1511,26,7,$44,1.69%,27.81%,$1.72,AW_May,4585,55,8,$166,1.21%,14.04%,$3.01
5/24/2023,FB_May,2158,23,6,$85,1.07%,24.33%,$3.68,AW_May,4970,41,6,$101,0.83%,14.72%,$2.46
5/25/2023,FB_May,3085,48,13,$43,1.55%,26.28%,$0.91,AW_May,4768,73,6,$135,1.52%,7.76%,$1.85
5/26/2023,FB_May,2806,46,14,$50,1.64%,30.85%,$1.08,AW_May,4140,77,5,$170,1.87%,6.29%,$2.20
5/27/2023,FB_May,1239,37,12,$110,2.98%,33.55%,$2.99,AW_May,4692,88,5,$75,1.87%,6.14%,$0.85
5/28/2023,FB_May,2244,36,9,$99,1.60%,25.59%,$2.76,AW_May,4842,63,4,$112,1.30%,6.59%,$1.78
5/29/2023,FB_May,2767,37,8,$43,1.32%,22.74%,$1.17,AW_May,4845,60,7,$119,1.23%,11.70%,$2.00
5/30/2023,FB_May,2630,41,11,$84,1.57%,27.28%,$2.03,AW_May,5544,76,8,$142,1.37%,10.26%,$1.86
5/31/2023,FB_May,1831,23,9,$94,1.25%,37.47%,$4.12,AW_May,4628,48,4,$113,1.03%,9.19%,$2.37
6/1/2023,FB_Jun,1586,40,13,$79,2.50%,32.59%,$2.00,AW_Jun,4003,58,6,$84,1.45%,10.19%,$1.46
6/2/2023,FB_Jun,1670,35,11,$107,2.11%,31.33%,$3.02,AW_Jun,5223,45,5,$178,0.86%,11.67%,$3.95
6/3/2023,FB_Jun,2686,61,16,$73,2.27%,26.57%,$1.19,AW_Jun,4953,56,7,$179,1.13%,12.14%,$3.19
6/4/2023,FB_Jun,1380,36,9,$99,2.64%,25.49%,$2.72,AW_Jun,5298,73,5,$167,1.38%,6.37%,$2.28
6/5/2023,FB_Jun,2075,48,13,$84,2.30%,26.28%,$1.75,AW_Jun,4716,48,7,$133,1.03%,15.33%,$2.75
6/6/2023,FB_Jun,2421,22,7,$112,0.92%,33.45%,$5.01,AW_Jun,5353,71,5,$163,1.32%,6.42%,$2.31
6/7/2023,FB_Jun,2433,46,14,$46,1.87%,30.96%,$1.01,AW_Jun,4883,70,5,$114,1.43%,7.87%,$1.64
6/8/2023,FB_Jun,2944,56,15,$107,1.90%,27.16%,$1.92,AW_Jun,5457,60,5,$141,1.10%,8.33%,$2.35
6/9/2023,FB_Jun,1288,35,8,$76,2.69%,22.89%,$2.19,AW_Jun,3887,56,7,$124,1.45%,12.12%,$2.20
6/10/2023,FB_Jun,1719,29,11,$71,1.66%,37.54%,$2.48,AW_Jun,3773,85,5,$174,2.25%,6.18%,$2.05
6/11/2023,FB_Jun,1868,44,10,$144,2.34%,22.28%,$3.29,AW_Jun,4899,53,7,$121,1.08%,12.53%,$2.27
6/12/2023,FB_Jun,1799,40,13,$57,2.21%,32.59%,$1.43,AW_Jun,4545,80,6,$119,1.76%,7.50%,$1.49
6/13/2023,FB_Jun,3055,50,13,$88,1.65%,25.95%,$1.75,AW_Jun,4247,54,8,$184,1.27%,14.26%,$3.41
6/14/2023,FB_Jun,2095,31,9,$82,1.48%,29.65%,$2.63,AW_Jun,3874,59,4,$128,1.53%,6.69%,$2.16
6/15/2023,FB_Jun,2673,33,9,$56,1.23%,26.10%,$1.70,AW_Jun,4456,40,4,$188,0.90%,10.00%,$4.70
6/16/2023,FB_Jun,1527,39,11,$56,2.57%,27.63%,$1.42,AW_Jun,5318,75,9,$189,1.41%,11.65%,$2.51
6/17/2023,FB_Jun,1505,54,16,$63,3.58%,29.29%,$1.17,AW_Jun,4854,53,8,$113,1.08%,14.52%,$2.14
6/18/2023,FB_Jun,1377,54,14,$89,3.88%,25.61%,$1.67,AW_Jun,5654,84,7,$186,1.48%,8.58%,$2.22
6/19/2023,FB_Jun,2314,30,7,$79,1.30%,23.33%,$2.64,AW_Jun,5237,78,9,$109,1.49%,11.43%,$1.40
6/20/2023,FB_Jun,1944,58,17,$104,2.97%,28.65%,$1.80,AW_Jun,5277,76,6,$91,1.44%,7.63%,$1.20
6/21/2023,FB_Jun,2416,36,10,$83,1.47%,28.45%,$2.34,AW_Jun,5313,67,8,$174,1.25%,12.51%,$2.61
6/22/2023,FB_Jun,1709,34,10,$134,1.98%,28.88%,$3.95,AW_Jun,5146,80,6,$168,1.56%,7.50%,$2.10
6/23/2023,FB_Jun,1257,33,9,$132,2.64%,26.02%,$3.97,AW_Jun,4438,52,5,$104,1.18%,8.82%,$1.99
6/24/2023,FB_Jun,1974,53,12,$58,2.68%,21.89%,$1.10,AW_Jun,4037,50,7,$100,1.25%,12.94%,$1.99
6/25/2023,FB_Jun,1796,48,12,$102,2.68%,24.16%,$2.12,AW_Jun,3833,71,5,$180,1.86%,6.40%,$2.52
6/26/2023,FB_Jun,2523,40,9,$52,1.59%,22.50%,$1.31,AW_Jun,5032,50,4,$168,1.00%,6.98%,$3.34
6/27/2023,FB_Jun,1941,39,9,$87,1.99%,22.59%,$2.25,AW_Jun,4981,81,9,$130,1.62%,11.18%,$1.61
6/28/2023,FB_Jun,2287,34,12,$84,1.48%,34.79%,$2.50,AW_Jun,4790,65,5,$105,1.35%,8.10%,$1.63
6/29/2023,FB_Jun,1951,46,11,$129,2.33%,24.40%,$2.83,AW_Jun,4683,48,7,$149,1.02%,15.50%,$3.13
6/30/2023,FB_Jun,1937,55,13,$48,2.81%,23.67%,$0.89,AW_Jun,4284,54,6,$161,1.25%,10.60%,$3.01
7/1/2023,FB_Jul,1265,42,10,$68,3.32%,24.76%,$1.62,AW_Jul,4557,75,7,$160,1.65%,9.00%,$2.13
7/2/2023,FB_Jul,1527,31,7,$62,2.02%,23.25%,$2.01,AW_Jul,5740,74,8,$81,1.29%,10.39%,$1.09
7/3/2023,FB_Jul,1824,30,7,$95,1.63%,23.37%,$3.19,AW_Jul,3823,85,6,$110,2.22%,7.36%,$1.30
7/4/2023,FB_Jul,1372,47,12,$119,3.41%,26.41%,$2.55,AW_Jul,5207,54,6,$161,1.03%,10.61%,$3.00
7/5/2023,FB_Jul,2338,40,13,$41,1.69%,32.66%,$1.04,AW_Jul,4209,43,7,$129,1.03%,16.59%,$2.99
7/6/2023,FB_Jul,1534,33,10,$98,2.17%,29.01%,$2.94,AW_Jul,4804,54,6,$178,1.13%,10.51%,$3.27
7/7/2023,FB_Jul,1280,46,12,$134,3.60%,26.51%,$2.90,AW_Jul,4571,54,8,$111,1.19%,14.20%,$2.05
7/8/2023,FB_Jul,2105,53,15,$131,2.51%,27.58%,$2.48,AW_Jul,4378,55,5,$137,1.26%,8.64%,$2.50
7/9/2023,FB_Jul,3075,39,11,$43,1.28%,27.63%,$1.09,AW_Jul,3838,57,7,$134,1.48%,12.03%,$2.35
7/10/2023,FB_Jul,1153,56,12,$136,4.89%,21.77%,$2.41,AW_Jul,4386,49,4,$173,1.11%,9.12%,$3.57
7/11/2023,FB_Jul,2001,55,12,$103,2.76%,21.81%,$1.86,AW_Jul,4706,79,8,$109,1.68%,10.06%,$1.38
7/12/2023,FB_Jul,2756,39,11,$64,1.40%,27.79%,$1.66,AW_Jul,5673,80,7,$150,1.41%,8.75%,$1.88
7/13/2023,FB_Jul,3147,50,14,$103,1.60%,27.97%,$2.05,AW_Jul,4286,47,3,$132,1.11%,7.11%,$2.79
7/14/2023,FB_Jul,1050,27,6,$114,2.61%,23.65%,$4.14,AW_Jul,5220,73,5,$109,1.40%,6.37%,$1.49
7/15/2023,FB_Jul,2930,65,18,$47,2.23%,27.66%,$0.71,AW_Jul,5045,46,4,$169,0.90%,9.38%,$3.70
7/16/2023,FB_Jul,2578,54,12,$76,2.11%,21.84%,$1.40,AW_Jul,3857,67,7,$187,1.75%,10.93%,$2.77
7/17/2023,FB_Jul,2237,56,15,$52,2.51%,27.12%,$0.93,AW_Jul,4357,72,6,$117,1.66%,7.76%,$1.62
7/18/2023,FB_Jul,3213,36,10,$87,1.12%,28.33%,$2.41,AW_Jul,5160,81,9,$190,1.57%,11.18%,$2.34
7/19/2023,FB_Jul,2241,30,10,$135,1.33%,33.47%,$4.53,AW_Jul,4220,38,7,$79,0.90%,18.19%,$2.09
7/20/2023,FB_Jul,2925,62,17,$59,2.11%,28.12%,$0.95,AW_Jul,4253,41,4,$131,0.97%,9.85%,$3.17
7/21/2023,FB_Jul,1254,36,10,$88,2.85%,28.38%,$2.45,AW_Jul,4642,78,5,$110,1.68%,6.28%,$1.41
7/22/2023,FB_Jul,1374,54,13,$93,3.92%,23.72%,$1.73,AW_Jul,5143,75,5,$103,1.47%,6.33%,$1.36
7/23/2023,FB_Jul,2658,60,13,$109,2.27%,21.66%,$1.80,AW_Jul,4239,56,6,$81,1.33%,10.34%,$1.44
7/24/2023,FB_Jul,1200,49,11,$112,4.08%,22.04%,$2.29,AW_Jul,4867,57,8,$172,1.17%,13.78%,$3.03
7/25/2023,FB_Jul,2663,64,17,$47,2.39%,26.29%,$0.74,AW_Jul,4885,53,6,$119,1.08%,10.71%,$2.26
7/26/2023,FB_Jul,2922,42,13,$69,1.43%,31.99%,$1.66,AW_Jul,4790,74,7,$130,1.55%,9.04%,$1.75
7/27/2023,FB_Jul,2344,60,13,$100,2.55%,21.68%,$1.67,AW_Jul,5166,75,7,$181,1.45%,9.01%,$2.41
7/28/2023,FB_Jul,1102,40,13,$74,3.66%,32.41%,$1.83,AW_Jul,4893,78,9,$83,1.59%,11.41%,$1.06
7/29/2023,FB_Jul,2187,38,12,$83,1.73%,30.58%,$2.21,AW_Jul,4290,37,3,$167,0.86%,7.70%,$4.51
7/30/2023,FB_Jul,2451,46,12,$106,1.86%,26.56%,$2.33,AW_Jul,4601,78,8,$176,1.69%,10.14%,$2.27
7/31/2023,FB_Jul,1650,51,14,$44,3.08%,27.87%,$0.86,AW_Jul,5272,83,8,$155,1.57%,9.83%,$1.87
8/1/2023,FB_Aug,1275,66,16,$119,5.15%,24.57%,$1.81,AW_Aug,4461,41,6,$111,0.92%,14.72%,$2.70
8/2/2023,FB_Aug,2042,53,13,$50,2.58%,23.80%,$0.95,AW_Aug,5586,59,8,$115,1.06%,13.44%,$1.94
8/3/2023,FB_Aug,2717,35,8,$57,1.27%,22.89%,$1.64,AW_Aug,5567,68,6,$185,1.22%,9.42%,$2.73
8/4/2023,FB_Aug,1862,23,10,$79,1.25%,41.46%,$3.40,AW_Aug,4683,62,5,$102,1.32%,8.23%,$1.64
8/5/2023,FB_Aug,2589,33,8,$112,1.29%,23.00%,$3.36,AW_Aug,5624,46,3,$121,0.81%,7.19%,$2.66
8/6/2023,FB_Aug,2310,55,15,$138,2.40%,27.22%,$2.48,AW_Aug,4099,88,9,$88,2.14%,10.70%,$1.00
8/7/2023,FB_Aug,1437,58,14,$66,4.00%,23.48%,$1.15,AW_Aug,4422,42,7,$134,0.95%,16.86%,$3.17
8/8/2023,FB_Aug,2951,36,11,$122,1.20%,31.27%,$3.45,AW_Aug,4143,54,7,$141,1.31%,12.37%,$2.60
8/9/2023,FB_Aug,3014,42,12,$68,1.39%,29.57%,$1.62,AW_Aug,3894,46,3,$112,1.18%,7.18%,$2.44
8/10/2023,FB_Aug,1080,52,14,$52,4.82%,27.68%,$1.00,AW_Aug,4560,57,5,$158,1.25%,8.50%,$2.76
8/11/2023,FB_Aug,3041,35,10,$53,1.16%,28.47%,$1.49,AW_Aug,4027,50,3,$142,1.23%,7.01%,$2.87
8/12/2023,FB_Aug,2382,34,8,$92,1.41%,22.98%,$2.73,AW_Aug,3938,62,6,$137,1.58%,9.83%,$2.20
8/13/2023,FB_Aug,2502,45,12,$91,1.81%,26.61%,$2.01,AW_Aug,4494,85,8,$181,1.89%,9.72%,$2.13
8/14/2023,FB_Aug,2387,26,9,$54,1.10%,35.21%,$2.06,AW_Aug,5670,81,5,$155,1.42%,6.24%,$1.92
8/15/2023,FB_Aug,2664,23,7,$72,0.87%,28.58%,$3.10,AW_Aug,5513,41,3,$165,0.74%,7.44%,$4.01
8/16/2023,FB_Aug,2215,56,16,$46,2.52%,28.96%,$0.83,AW_Aug,3782,76,9,$101,2.01%,11.57%,$1.32
8/17/2023,FB_Aug,1691,47,10,$127,2.76%,22.15%,$2.73,AW_Aug,3755,66,7,$121,1.77%,11.02%,$1.82
8/18/2023,FB_Aug,1422,51,13,$78,3.56%,25.93%,$1.55,AW_Aug,4561,70,6,$122,1.53%,9.31%,$1.76
8/19/2023,FB_Aug,3175,34,8,$111,1.06%,22.98%,$3.30,AW_Aug,5185,68,5,$186,1.30%,7.96%,$2.75
8/20/2023,FB_Aug,3119,59,14,$69,1.88%,23.41%,$1.18,AW_Aug,5509,61,4,$116,1.11%,6.64%,$1.91
8/21/2023,FB_Aug,1865,41,11,$54,2.21%,27.26%,$1.30,AW_Aug,5625,32,4,$182,0.57%,11.22%,$5.65
8/22/2023,FB_Aug,1754,40,9,$85,2.26%,22.52%,$2.14,AW_Aug,4636,47,7,$84,1.01%,15.65%,$1.80
8/23/2023,FB_Aug,2584,35,11,$37,1.37%,31.30%,$1.06,AW_Aug,4380,43,6,$113,0.98%,14.35%,$2.64
8/24/2023,FB_Aug,2656,40,12,$91,1.51%,29.98%,$2.27,AW_Aug,4973,42,7,$184,0.84%,16.95%,$4.39
8/25/2023,FB_Aug,2428,29,10,$106,1.19%,33.84%,$3.67,AW_Aug,4962,63,7,$150,1.27%,11.35%,$2.38
8/26/2023,FB_Aug,1062,28,9,$83,2.66%,30.64%,$2.93,AW_Aug,5286,71,7,$186,1.33%,9.25%,$2.63
8/27/2023,FB_Aug,3014,51,15,$52,1.69%,29.82%,$1.02,AW_Aug,4979,69,7,$136,1.38%,10.84%,$1.98
8/28/2023,FB_Aug,1450,41,10,$107,2.84%,24.85%,$2.60,AW_Aug,4919,57,8,$83,1.16%,13.80%,$1.47
8/29/2023,FB_Aug,2301,32,8,$74,1.39%,26.27%,$2.32,AW_Aug,5183,58,6,$186,1.12%,10.15%,$3.20
8/30/2023,FB_Aug,2739,39,11,$50,1.41%,27.79%,$1.30,AW_Aug,4772,39,3,$132,0.81%,7.58%,$3.39
8/31/2023,FB_Aug,3186,63,15,$98,1.98%,23.16%,$1.54,AW_Aug,5565,81,6,$174,1.46%,7.47%,$2.15
9/1/2023,FB_Sep,1764,42,10,$107,2.36%,24.80%,$2.58,AW_Sep,4179,80,9,$92,1.91%,11.25%,$1.15
9/2/2023,FB_Sep,3175,51,13,$93,1.60%,25.89%,$1.83,AW_Sep,4322,48,7,$164,1.12%,15.33%,$3.39
9/3/2023,FB_Sep,2836,29,7,$131,1.02%,23.47%,$4.55,AW_Sep,3820,74,8,$87,1.94%,10.39%,$1.17
9/4/2023,FB_Sep,1227,63,18,$136,5.12%,27.96%,$2.16,AW_Sep,4276,53,7,$144,1.24%,12.53%,$2.71
9/5/2023,FB_Sep,2160,33,11,$79,1.51%,32.27%,$2.42,AW_Sep,4407,52,5,$151,1.17%,8.88%,$2.93
9/6/2023,FB_Sep,2241,56,15,$43,2.51%,27.10%,$0.76,AW_Sep,4311,82,7,$175,1.90%,8.66%,$2.14
9/7/2023,FB_Sep,2122,54,16,$59,2.55%,29.23%,$1.09,AW_Sep,5480,57,4,$89,1.04%,6.75%,$1.55
9/8/2023,FB_Sep,2589,37,11,$48,1.42%,30.87%,$1.30,AW_Sep,5678,48,3,$148,0.84%,7.10%,$3.10
9/9/2023,FB_Sep,3038,60,13,$64,1.98%,21.66%,$1.07,AW_Sep,4637,80,9,$125,1.72%,11.27%,$1.57
9/10/2023,FB_Sep,3091,56,15,$43,1.82%,27.13%,$0.76,AW_Sep,5245,45,7,$140,0.85%,16.19%,$3.14
9/11/2023,FB_Sep,1970,65,18,$120,3.27%,27.75%,$1.86,AW_Sep,4046,56,8,$153,1.37%,14.01%,$2.76
9/12/2023,FB_Sep,2874,33,9,$60,1.14%,26.12%,$1.82,AW_Sep,3804,44,6,$112,1.16%,14.07%,$2.55
9/13/2023,FB_Sep,1478,40,9,$130,2.72%,22.49%,$3.23,AW_Sep,4080,70,4,$124,1.70%,6.44%,$1.78
9/14/2023,FB_Sep,1534,44,12,$72,2.89%,26.77%,$1.63,AW_Sep,4955,64,5,$178,1.29%,8.13%,$2.78
9/15/2023,FB_Sep,2764,30,10,$128,1.10%,33.20%,$4.23,AW_Sep,5355,65,4,$78,1.21%,6.54%,$1.20
9/16/2023,FB_Sep,1667,43,13,$107,2.59%,29.28%,$2.47,AW_Sep,4012,61,8,$136,1.53%,13.17%,$2.21
9/17/2023,FB_Sep,2563,56,14,$66,2.17%,25.39%,$1.18,AW_Sep,5225,84,5,$192,1.60%,6.19%,$2.29
9/18/2023,FB_Sep,2158,53,15,$116,2.44%,27.60%,$2.21,AW_Sep,4810,78,7,$142,1.63%,8.83%,$1.81
9/19/2023,FB_Sep,2958,57,14,$86,1.94%,25.24%,$1.49,AW_Sep,4777,78,6,$123,1.64%,7.56%,$1.58
9/20/2023,FB_Sep,2322,57,14,$48,2.44%,25.29%,$0.85,AW_Sep,4938,44,5,$109,0.89%,11.83%,$2.48
9/21/2023,FB_Sep,1188,38,9,$127,3.17%,22.65%,$3.36,AW_Sep,5430,51,7,$137,0.93%,12.89%,$2.70
9/22/2023,FB_Sep,2971,36,8,$118,1.23%,22.75%,$3.23,AW_Sep,5534,60,8,$144,1.09%,13.31%,$2.39
9/23/2023,FB_Sep,2024,34,8,$113,1.67%,22.96%,$3.36,AW_Sep,4264,78,6,$191,1.83%,7.56%,$2.45
9/24/2023,FB_Sep,1813,36,12,$104,1.96%,34.04%,$2.92,AW_Sep,4363,75,9,$182,1.73%,11.63%,$2.41
9/25/2023,FB_Sep,3081,47,12,$130,1.51%,26.45%,$2.79,AW_Sep,4354,58,5,$168,1.34%,8.43%,$2.88
9/26/2023,FB_Sep,2719,57,16,$56,2.08%,28.83%,$1.00,AW_Sep,5484,65,8,$91,1.18%,12.72%,$1.40
9/27/2023,FB_Sep,1665,62,17,$71,3.71%,28.09%,$1.15,AW_Sep,5190,66,4,$153,1.27%,6.52%,$2.33
9/28/2023,FB_Sep,1576,30,8,$55,1.90%,26.67%,$1.82,AW_Sep,3961,81,6,$125,2.04%,7.48%,$1.55
9/29/2023,FB_Sep,2437,61,16,$115,2.49%,26.60%,$1.89,AW_Sep,3950,38,4,$177,0.96%,10.26%,$4.67
9/30/2023,FB_Sep,2860,52,14,$57,1.81%,27.71%,$1.10,AW_Sep,4488,60,6,$134,1.33%,10.01%,$2.24
10/1/2023,FB_Oct,2145,62,17,$60,2.91%,28.03%,$0.97,AW_Oct,5320,53,6,$118,1.00%,10.63%,$2.21
10/2/2023,FB_Oct,3218,56,12,$119,1.73%,21.79%,$2.14,AW_Oct,5026,71,7,$150,1.42%,9.21%,$2.10
10/3/2023,FB_Oct,1641,58,16,$94,3.56%,26.85%,$1.62,AW_Oct,5053,50,7,$180,1.00%,12.94%,$3.57
10/4/2023,FB_Oct,2525,69,19,$82,2.72%,27.27%,$1.19,AW_Oct,4484,43,5,$92,0.95%,12.03%,$2.16
10/5/2023,FB_Oct,2496,57,13,$122,2.28%,23.52%,$2.16,AW_Oct,5098,77,5,$95,1.52%,6.29%,$1.22
10/6/2023,FB_Oct,1707,25,9,$115,1.49%,35.75%,$4.53,AW_Oct,5652,40,5,$185,0.71%,12.47%,$4.62
10/7/2023,FB_Oct,2237,35,9,$113,1.57%,25.70%,$3.22,AW_Oct,3906,70,6,$129,1.78%,9.30%,$1.85
10/8/2023,FB_Oct,3106,42,9,$48,1.34%,22.40%,$1.16,AW_Oct,4218,71,7,$143,1.69%,9.20%,$2.00
10/9/2023,FB_Oct,2815,55,15,$62,1.95%,27.29%,$1.14,AW_Oct,4545,66,5,$162,1.45%,8.04%,$2.46
10/10/2023,FB_Oct,1916,36,11,$53,1.87%,31.14%,$1.47,AW_Oct,4817,80,6,$168,1.66%,7.50%,$2.09
10/11/2023,FB_Oct,1656,28,8,$106,1.67%,27.22%,$3.83,AW_Oct,4758,43,6,$99,0.90%,14.31%,$2.31
10/12/2023,FB_Oct,3055,39,10,$57,1.27%,25.14%,$1.46,AW_Oct,4744,50,4,$82,1.05%,9.02%,$1.66
10/13/2023,FB_Oct,2107,36,8,$122,1.71%,22.78%,$3.38,AW_Oct,5185,89,6,$164,1.71%,7.25%,$1.84
10/14/2023,FB_Oct,2876,58,13,$134,2.01%,21.73%,$2.32,AW_Oct,5002,68,8,$104,1.37%,12.30%,$1.53
10/15/2023,FB_Oct,2093,44,11,$114,2.12%,24.50%,$2.56,AW_Oct,5443,52,4,$153,0.96%,6.91%,$2.93
10/16/2023,FB_Oct,1829,51,12,$81,2.77%,23.95%,$1.61,AW_Oct,3920,51,8,$87,1.31%,14.76%,$1.70
10/17/2023,FB_Oct,1268,46,14,$51,3.64%,30.85%,$1.11,AW_Oct,5167,40,7,$104,0.78%,17.45%,$2.58
10/18/2023,FB_Oct,1291,51,11,$124,3.96%,21.96%,$2.43,AW_Oct,5279,40,3,$110,0.76%,7.50%,$2.76
10/19/2023,FB_Oct,2031,53,13,$120,2.60%,23.80%,$2.27,AW_Oct,3751,50,5,$139,1.35%,8.96%,$2.76
10/20/2023,FB_Oct,2565,49,13,$126,1.91%,26.11%,$2.56,AW_Oct,3800,65,5,$88,1.71%,8.09%,$1.35
10/21/2023,FB_Oct,2765,65,16,$92,2.36%,24.60%,$1.41,AW_Oct,4981,47,7,$109,0.95%,15.55%,$2.30
10/22/2023,FB_Oct,1654,63,18,$43,3.80%,27.96%,$0.68,AW_Oct,5566,77,5,$74,1.39%,6.30%,$0.96
10/23/2023,FB_Oct,2006,70,17,$99,3.48%,24.29%,$1.41,AW_Oct,5283,55,6,$99,1.05%,10.42%,$1.79
10/24/2023,FB_Oct,2372,43,11,$89,1.80%,24.69%,$2.09,AW_Oct,5473,74,6,$193,1.35%,7.70%,$2.60
10/25/2023,FB_Oct,1932,46,13,$84,2.40%,28.64%,$1.82,AW_Oct,4361,76,8,$153,1.75%,10.25%,$2.01
10/26/2023,FB_Oct,2905,62,13,$124,2.15%,21.60%,$1.98,AW_Oct,5096,52,8,$149,1.03%,14.57%,$2.85
10/27/2023,FB_Oct,1429,56,12,$124,3.95%,21.77%,$2.20,AW_Oct,4569,67,7,$77,1.47%,10.94%,$1.14
10/28/2023,FB_Oct,1618,54,16,$126,3.34%,29.24%,$2.33,AW_Oct,3770,48,4,$144,1.29%,9.13%,$2.97
10/29/2023,FB_Oct,1476,34,10,$130,2.32%,28.77%,$3.81,AW_Oct,4597,63,7,$82,1.37%,11.35%,$1.30
10/30/2023,FB_Oct,2399,64,18,$70,2.65%,27.86%,$1.11,AW_Oct,4576,54,6,$179,1.17%,10.60%,$3.34
10/31/2023,FB_Oct,2902,64,18,$85,2.21%,27.80%,$1.32,AW_Oct,4039,38,5,$189,0.94%,12.93%,$4.99
11/1/2023,FB_Nov,1642,71,16,$48,4.31%,22.83%,$0.68,AW_Nov,4442,75,8,$102,1.70%,10.30%,$1.36
11/2/2023,FB_Nov,2591,28,10,$127,1.07%,34.49%,$4.59,AW_Nov,3796,73,6,$115,1.93%,7.73%,$1.57
11/3/2023,FB_Nov,1648,39,11,$83,2.39%,27.61%,$2.11,AW_Nov,4531,52,4,$142,1.15%,6.91%,$2.72
11/4/2023,FB_Nov,2429,53,13,$102,2.17%,23.80%,$1.94,AW_Nov,5122,49,6,$97,0.96%,13.10%,$1.95
11/5/2023,FB_Nov,1739,35,9,$95,2.01%,25.73%,$2.72,AW_Nov,5622,47,3,$135,0.83%,7.14%,$2.88
11/6/2023,FB_Nov,2857,46,11,$73,1.60%,24.39%,$1.59,AW_Nov,4832,65,8,$166,1.34%,12.70%,$2.56
11/7/2023,FB_Nov,2722,33,8,$69,1.20%,23.05%,$2.10,AW_Nov,5555,79,9,$111,1.42%,11.32%,$1.40
11/8/2023,FB_Nov,1606,40,11,$61,2.49%,27.50%,$1.53,AW_Nov,5263,43,5,$111,0.82%,11.99%,$2.59
11/9/2023,FB_Nov,1523,38,13,$83,2.48%,33.23%,$2.19,AW_Nov,4655,58,4,$117,1.25%,6.71%,$2.00
11/10/2023,FB_Nov,2297,57,12,$135,2.47%,21.76%,$2.38,AW_Nov,4561,52,4,$73,1.14%,6.92%,$1.40
11/11/2023,FB_Nov,2912,65,16,$43,2.22%,24.63%,$0.66,AW_Nov,5432,44,4,$189,0.81%,9.57%,$4.32
11/12/2023,FB_Nov,1655,61,14,$38,3.71%,23.26%,$0.61,AW_Nov,4704,44,4,$174,0.93%,9.57%,$3.96
11/13/2023,FB_Nov,2377,43,11,$112,1.81%,24.65%,$2.61,AW_Nov,4493,61,5,$181,1.35%,8.29%,$2.99
11/14/2023,FB_Nov,1272,48,12,$94,3.73%,24.21%,$1.99,AW_Nov,5203,84,6,$95,1.61%,7.39%,$1.13
11/15/2023,FB_Nov,2725,64,17,$88,2.33%,26.29%,$1.38,AW_Nov,3816,53,7,$131,1.40%,12.49%,$2.46
11/16/2023,FB_Nov,2339,37,12,$106,1.58%,33.55%,$2.88,AW_Nov,4171,60,6,$172,1.44%,10.00%,$2.86
11/17/2023,FB_Nov,1956,51,11,$80,2.59%,21.97%,$1.59,AW_Nov,3837,79,8,$126,2.06%,10.06%,$1.59
11/18/2023,FB_Nov,2681,59,14,$83,2.19%,23.40%,$1.41,AW_Nov,4892,85,8,$130,1.74%,9.71%,$1.53
11/19/2023,FB_Nov,2919,59,16,$103,2.02%,26.78%,$1.74,AW_Nov,5701,74,8,$86,1.30%,10.41%,$1.16
11/20/2023,FB_Nov,1404,34,9,$91,2.41%,25.90%,$2.68,AW_Nov,5067,69,5,$197,1.37%,7.88%,$2.84
11/21/2023,FB_Nov,1455,57,12,$76,3.93%,21.75%,$1.34,AW_Nov,3825,51,5,$114,1.32%,8.95%,$2.25
11/22/2023,FB_Nov,2134,36,10,$72,1.66%,28.45%,$2.04,AW_Nov,4358,51,6,$187,1.18%,10.83%,$3.63
11/23/2023,FB_Nov,2523,57,16,$125,2.25%,28.80%,$2.19,AW_Nov,4019,81,8,$87,2.02%,9.93%,$1.07
11/24/2023,FB_Nov,3000,55,16,$60,1.85%,29.03%,$1.09,AW_Nov,5525,70,7,$142,1.26%,10.75%,$2.03
11/25/2023,FB_Nov,2489,32,8,$59,1.29%,26.21%,$1.82,AW_Nov,5011,58,5,$128,1.16%,8.45%,$2.21
11/26/2023,FB_Nov,1936,56,12,$142,2.89%,21.79%,$2.53,AW_Nov,4646,77,5,$187,1.66%,6.30%,$2.42
11/27/2023,FB_Nov,1960,68,15,$109,3.45%,21.48%,$1.61,AW_Nov,4721,58,8,$162,1.23%,13.60%,$2.79
11/28/2023,FB_Nov,2821,49,11,$55,1.75%,22.03%,$1.12,AW_Nov,4151,46,3,$119,1.10%,7.19%,$2.60
11/29/2023,FB_Nov,2040,40,11,$64,1.98%,27.43%,$1.59,AW_Nov,5211,41,7,$159,0.78%,17.24%,$3.89
11/30/2023,FB_Nov,2114,56,13,$71,2.67%,23.55%,$1.26,AW_Nov,4983,68,5,$103,1.36%,7.96%,$1.52
12/1/2023,FB_Dec,1669,59,17,$66,3.51%,28.55%,$1.14,AW_Dec,4597,67,5,$166,1.45%,8.00%,$2.49
12/2/2023,FB_Dec,2770,37,11,$99,1.32%,30.90%,$2.71,AW_Dec,4870,45,3,$131,0.93%,7.20%,$2.88
12/3/2023,FB_Dec,2496,67,18,$99,2.68%,27.47%,$1.47,AW_Dec,5171,42,6,$92,0.81%,14.60%,$2.21
12/4/2023,FB_Dec,2428,36,9,$142,1.49%,25.52%,$3.92,AW_Dec,4823,50,5,$112,1.04%,8.98%,$2.23
12/5/2023,FB_Dec,1686,33,8,$112,1.95%,23.04%,$3.40,AW_Dec,5370,75,9,$82,1.39%,11.71%,$1.10
12/6/2023,FB_Dec,2314,37,10,$52,1.58%,28.20%,$1.43,AW_Dec,4406,59,6,$98,1.34%,10.08%,$1.66
12/7/2023,FB_Dec,2386,45,12,$126,1.90%,26.61%,$2.76,AW_Dec,5321,70,5,$135,1.32%,6.43%,$1.93
12/8/2023,FB_Dec,2675,67,15,$117,2.49%,23.00%,$1.76,AW_Dec,4837,44,3,$177,0.90%,7.29%,$4.04
12/9/2023,FB_Dec,2874,36,9,$121,1.24%,25.60%,$3.38,AW_Dec,4022,85,7,$186,2.11%,8.53%,$2.19
12/10/2023,FB_Dec,1556,67,14,$102,4.33%,21.48%,$1.51,AW_Dec,4718,31,4,$139,0.66%,11.41%,$4.46
12/11/2023,FB_Dec,2281,61,15,$60,2.67%,24.92%,$0.98,AW_Dec,5335,50,5,$148,0.93%,11.04%,$2.97
12/12/2023,FB_Dec,1419,53,13,$56,3.70%,23.81%,$1.06,AW_Dec,5167,54,4,$145,1.05%,6.85%,$2.68
12/13/2023,FB_Dec,1213,64,14,$142,5.29%,21.56%,$2.21,AW_Dec,5190,55,7,$148,1.06%,12.25%,$2.68
12/14/2023,FB_Dec,1140,46,13,$46,3.99%,28.79%,$1.00,AW_Dec,4786,59,5,$97,1.23%,8.40%,$1.65
12/15/2023,FB_Dec,2247,45,11,$129,2.00%,24.44%,$2.86,AW_Dec,5500,77,5,$101,1.40%,6.30%,$1.31
12/16/2023,FB_Dec,2930,72,16,$124,2.46%,22.77%,$1.72,AW_Dec,4089,89,5,$118,2.17%,6.13%,$1.33
12/17/2023,FB_Dec,3060,40,11,$84,1.31%,27.46%,$2.08,AW_Dec,5468,64,6,$166,1.17%,9.70%,$2.59
12/18/2023,FB_Dec,2030,54,13,$122,2.68%,23.68%,$2.25,AW_Dec,5461,57,5,$130,1.05%,8.49%,$2.27
12/19/2023,FB_Dec,3116,58,13,$135,1.87%,21.72%,$2.31,AW_Dec,4993,74,7,$150,1.49%,9.05%,$2.02
12/20/2023,FB_Dec,2478,39,12,$50,1.55%,30.39%,$1.31,AW_Dec,5760,59,7,$129,1.03%,11.76%,$2.17
12/21/2023,FB_Dec,2146,62,13,$83,2.88%,21.62%,$1.34,AW_Dec,5210,41,3,$136,0.79%,7.42%,$3.30
12/22/2023,FB_Dec,2448,73,18,$134,2.98%,24.12%,$1.84,AW_Dec,4462,64,8,$86,1.43%,12.82%,$1.35
12/23/2023,FB_Dec,2759,48,12,$139,1.74%,24.18%,$2.89,AW_Dec,4581,45,3,$80,0.98%,7.22%,$1.78
12/24/2023,FB_Dec,2031,63,17,$87,3.10%,26.35%,$1.38,AW_Dec,4235,34,6,$108,0.81%,16.68%,$3.16
12/25/2023,FB_Dec,2386,63,18,$77,2.64%,27.95%,$1.22,AW_Dec,5018,77,5,$146,1.54%,6.29%,$1.88
12/26/2023,FB_Dec,1338,33,12,$119,2.48%,35.06%,$3.60,AW_Dec,4758,38,7,$91,0.80%,18.09%,$2.37
12/27/2023,FB_Dec,3240,51,13,$63,1.57%,25.89%,$1.24,AW_Dec,5332,72,9,$76,1.35%,11.92%,$1.06
12/28/2023,FB_Dec,1510,69,18,$97,4.55%,25.82%,$1.42,AW_Dec,3887,49,6,$121,1.27%,13.10%,$2.46
12/29/2023,FB_Dec,2918,44,13,$49,1.50%,29.11%,$1.11,AW_Dec,5327,62,6,$128,1.16%,9.85%,$2.08
12/30/2023,FB_Dec,2212,37,8,$102,1.68%,22.70%,$2.75,AW_Dec,4020,71,6,$119,1.76%,7.83%,$1.68
12/31/2023,FB_Dec,1470,60,17,$99,4.06%,28.38%,$1.65,AW_Dec,4592,47,6,$86,1.01%,13.60%,$1.85